{
  "Total" : {
    "transaction" : "Total",
    "sampleCount" : 1000,
    "errorCount" : 0,
    "errorPct" : 0.0,
    "meanResTime" : 3.003999999999996,
    "medianResTime" : 2.0,
    "minResTime" : 1.0,
    "maxResTime" : 101.0,
    "pct1ResTime" : 4.0,
    "pct2ResTime" : 6.0,
    "pct3ResTime" : 14.990000000000009,
    "throughput" : 10.032404667074651,
    "receivedKBytesPerSec" : 58.3231493975541,
    "sentKBytesPerSec" : 1.1658751517401205
  },
  "HTTP Request" : {
    "transaction" : "HTTP Request",
    "sampleCount" : 1000,
    "errorCount" : 0,
    "errorPct" : 0.0,
    "meanResTime" : 3.003999999999996,
    "medianResTime" : 2.0,
    "minResTime" : 1.0,
    "maxResTime" : 101.0,
    "pct1ResTime" : 4.0,
    "pct2ResTime" : 6.0,
    "pct3ResTime" : 14.990000000000009,
    "throughput" : 10.032404667074651,
    "receivedKBytesPerSec" : 58.3231493975541,
    "sentKBytesPerSec" : 1.1658751517401205
  }
}