{
  "Total" : {
    "transaction" : "Total",
    "sampleCount" : 2000,
    "errorCount" : 0,
    "errorPct" : 0.0,
    "meanResTime" : 2.7280000000000046,
    "medianResTime" : 2.0,
    "minResTime" : 1.0,
    "maxResTime" : 71.0,
    "pct1ResTime" : 4.0,
    "pct2ResTime" : 6.0,
    "pct3ResTime" : 14.0,
    "throughput" : 20.035061357375408,
    "receivedKBytesPerSec" : 116.47335962935136,
    "sentKBytesPerSec" : 2.3282932632106186
  },
  "HTTP Request" : {
    "transaction" : "HTTP Request",
    "sampleCount" : 2000,
    "errorCount" : 0,
    "errorPct" : 0.0,
    "meanResTime" : 2.7280000000000046,
    "medianResTime" : 2.0,
    "minResTime" : 1.0,
    "maxResTime" : 71.0,
    "pct1ResTime" : 4.0,
    "pct2ResTime" : 6.0,
    "pct3ResTime" : 14.0,
    "throughput" : 20.035061357375408,
    "receivedKBytesPerSec" : 116.47335962935136,
    "sentKBytesPerSec" : 2.3282932632106186
  }
}