{
  "Total" : {
    "transaction" : "Total",
    "sampleCount" : 4000,
    "errorCount" : 0,
    "errorPct" : 0.0,
    "meanResTime" : 2.6909999999999976,
    "medianResTime" : 2.0,
    "minResTime" : 1.0,
    "maxResTime" : 119.0,
    "pct1ResTime" : 3.0,
    "pct2ResTime" : 6.0,
    "pct3ResTime" : 18.0,
    "throughput" : 40.06891853988861,
    "receivedKBytesPerSec" : 232.93971881636415,
    "sentKBytesPerSec" : 4.656446588131586
  },
  "HTTP Request" : {
    "transaction" : "HTTP Request",
    "sampleCount" : 4000,
    "errorCount" : 0,
    "errorPct" : 0.0,
    "meanResTime" : 2.6909999999999976,
    "medianResTime" : 2.0,
    "minResTime" : 1.0,
    "maxResTime" : 119.0,
    "pct1ResTime" : 3.0,
    "pct2ResTime" : 6.0,
    "pct3ResTime" : 18.0,
    "throughput" : 40.06891853988861,
    "receivedKBytesPerSec" : 232.93971881636415,
    "sentKBytesPerSec" : 4.656446588131586
  }
}