{
  "Total" : {
    "transaction" : "Total",
    "sampleCount" : 3000,
    "errorCount" : 0,
    "errorPct" : 0.0,
    "meanResTime" : 2.594333333333327,
    "medianResTime" : 2.0,
    "minResTime" : 1.0,
    "maxResTime" : 96.0,
    "pct1ResTime" : 3.0,
    "pct2ResTime" : 5.0,
    "pct3ResTime" : 14.0,
    "throughput" : 30.36683132237428,
    "receivedKBytesPerSec" : 176.53686217001376,
    "sentKBytesPerSec" : 3.5289579368774797
  },
  "HTTP Request" : {
    "transaction" : "HTTP Request",
    "sampleCount" : 3000,
    "errorCount" : 0,
    "errorPct" : 0.0,
    "meanResTime" : 2.594333333333327,
    "medianResTime" : 2.0,
    "minResTime" : 1.0,
    "maxResTime" : 96.0,
    "pct1ResTime" : 3.0,
    "pct2ResTime" : 5.0,
    "pct3ResTime" : 14.0,
    "throughput" : 30.36683132237428,
    "receivedKBytesPerSec" : 176.53686217001376,
    "sentKBytesPerSec" : 3.5289579368774797
  }
}